Workbook

Sheet ใบปะหน้า
B2: ตารางสรุปผลกระทบต่อเล่ม 4 (Impact Analysis)
B3: การปรับ User Flow และ Data Flow Diagram กิจกรรมที่ 7 (V1.0.2 → V1.0.3)
B4: เล่ม 4 ออกแบบส่วนการติดต่อกับผู้ใช้งาน (User Interface Design) และออกแบบ Prototype — กิจกรรมที่ 7
B6: โครงการ | C6: โครงการพัฒนาระบบบริหารจัดการและติดตามสำนวนคดีทุจริตและประพฤติมิชอบในภาครัฐ (E-CMIS)
B7: กิจกรรม | C7: กิจกรรมที่ 7 พัฒนาระบบบริหารจัดการกระบวนงานพิจารณาและดำเนินการตามมติคณะกรรมการ ป.ป.ท.
B8: สัญญาเลขที่ | C8: ๑๔/๒๕๖๙
B9: เอกสารที่ได้รับผลกระทบ | C9: เล่ม 4 - กจ_7 ออกแบบส่วนการติดต่อกับผู้ใช้งาน V1.1 → V1.2 (User Flow) → V1.3 (Data Flow)
B10: ขอบเขต | C10: บทที่ 2 User Flow (กิจกรรมที่ 7 User Flow V1.0.3) และบทที่ 3 Data Flow Diagram (Context Diagram, Level 1, Level 2 V1.0.3) รวมจุดที่อาจกระทบบทที่ 4–5
B11: อ้างอิง | C11: ผลการตรวจ User Flow กิจกรรมที่ 7 (16 ต.ค. 2569), swimlane-flow-template, กติกา DFD (Level 0–2), บันทึกการแก้ไข 1791976367965
B12: เลขหน้า | C12: คอลัมน์ "หน้า/หัวข้อ" ใช้เลขหน้าของเล่มก่อนแก้ (User Flow = V1.1, Data Flow = V1.2) คอลัมน์สุดท้ายเป็นเลขหน้าในเล่ม V1.3 (ฉบับล่าสุด) เลขหน้าได้จากการแปลง PDF ด้วย LibreOffice อาจต่างจาก Word เล็กน้อย
B13: วันที่จัดทำ | C13: 26/10/2569
B14: จัดทำโดย | C14: กิจการค้าร่วม SS CONSORTIUM
B16: สรุปสถานะรายการผลกระทบ (ชีต "ผลกระทบเล่ม 4")
B17: สถานะ | C17: ความหมาย | D17: User Flow | E17: Data Flow | F17: รวม
B18: แก้ไขแล้ว | C18: แก้ไขในเล่มแล้ว ไม่มีประเด็นค้าง | D18: =COUNTIFS('ผลกระทบเล่ม 4'!$B$4:$B$500,"User Flow",'ผลกระทบเล่ม 4'!$H$4:$H$500,B18) -> 3 | E18: =COUNTIFS('ผลกระทบเล่ม 4'!$B$4:$B$500,"Data Flow",'ผลกระทบเล่ม 4'!$H$4:$H$500,B18) -> 5 | F18: =D18+E18 -> 8
B19: แก้ไขแล้ว (มีรายการรอยืนยัน) | C19: แก้ไขแล้ว แต่ในภาพ/ตารางยังมีเครื่องหมาย [รอยืนยัน Qn/DQn] | D19: =COUNTIFS('ผลกระทบเล่ม 4'!$B$4:$B$500,"User Flow",'ผลกระทบเล่ม 4'!$H$4:$H$500,B19) -> 12 | E19: =COUNTIFS('ผลกระทบเล่ม 4'!$B$4:$B$500,"Data Flow",'ผลกระทบเล่ม 4'!$H$4:$H$500,B19) -> 7 | F19: =D19+E19 -> 19
B20: รอยืนยัน | C20: ยังไม่แก้ รอผู้เกี่ยวข้องยืนยัน | D20: =COUNTIFS('ผลกระทบเล่ม 4'!$B$4:$B$500,"User Flow",'ผลกระทบเล่ม 4'!$H$4:$H$500,B20) -> 3 | E20: =COUNTIFS('ผลกระทบเล่ม 4'!$B$4:$B$500,"Data Flow",'ผลกระทบเล่ม 4'!$H$4:$H$500,B20) -> 2 | F20: =D20+E20 -> 5
B21: รอข้อมูล | C21: ยังไม่แก้ เพราะข้อมูลยังไม่พอ | D21: =COUNTIFS('ผลกระทบเล่ม 4'!$B$4:$B$500,"User Flow",'ผลกระทบเล่ม 4'!$H$4:$H$500,B21) -> 0 | E21: =COUNTIFS('ผลกระทบเล่ม 4'!$B$4:$B$500,"Data Flow",'ผลกระทบเล่ม 4'!$H$4:$H$500,B21) -> 1 | F21: =D21+E21 -> 1
B22: ยังไม่แก้ | C22: ยังไม่แก้ ด้วยเหตุผลที่ระบุ | D22: =COUNTIFS('ผลกระทบเล่ม 4'!$B$4:$B$500,"User Flow",'ผลกระทบเล่ม 4'!$H$4:$H$500,B22) -> 2 | E22: =COUNTIFS('ผลกระทบเล่ม 4'!$B$4:$B$500,"Data Flow",'ผลกระทบเล่ม 4'!$H$4:$H$500,B22) -> 0 | F22: =D22+E22 -> 2
B23: ไม่กระทบ | C23: ตรวจแล้ว ไม่ต้องแก้ | D23: =COUNTIFS('ผลกระทบเล่ม 4'!$B$4:$B$500,"User Flow",'ผลกระทบเล่ม 4'!$H$4:$H$500,B23) -> 1 | E23: =COUNTIFS('ผลกระทบเล่ม 4'!$B$4:$B$500,"Data Flow",'ผลกระทบเล่ม 4'!$H$4:$H$500,B23) -> 2 | F23: =D23+E23 -> 3
B24: รวมทั้งหมด | D24: =SUM(D18:D23) -> 21 | E24: =SUM(E18:E23) -> 17 | F24: =SUM(F18:F23) -> 38
B26: ประเด็นรอยืนยัน (ชีต "ประเด็นรอยืนยัน")
B27: ส่วน | C27: รหัส | D27: จำนวน
B28: User Flow | C28: Q1–Q13 | D28: =COUNTIF(ประเด็นรอยืนยัน!$B$2:$B$200,B28) -> 13
B29: Data Flow | C29: DQ1–DQ13 | D29: =COUNTIF(ประเด็นรอยืนยัน!$B$2:$B$200,B29) -> 13
B31: หมายเหตุ: ตารางนี้รวม "ตารางสรุปผลกระทบต่อเล่ม 4" ของงาน User Flow และงาน Data Flow ไว้ในไฟล์เดียว รายละเอียดการแก้ไขแต่ละจุด (จากเดิม/แก้ไขเป็น/สถานะ/ผู้ยืนยัน) อยู่ในบันทึกการแก้ไข 1791976367965.xlsx

Sheet ผลกระทบเล่ม 4
A1: ตารางสรุปผลกระทบต่อเล่ม 4 — User Flow และ Data Flow Diagram กิจกรรมที่ 7 (V1.0.2 → V1.0.3)
A2: User Flow: เลขหน้าเดิมตาม V1.1 · Data Flow: เลขหน้าเดิมตาม V1.2 · เลขหน้า V1.3 ตาม PDF ที่แปลงด้วย LibreOffice
A3: ลำดับ | B3: ส่วนที่ปรับ | C3: หน้า/หัวข้อ (เล่มก่อนแก้) | D3: เนื้อหาเดิม | E3: สิ่งที่ต้องแก้ | F3: เหตุผลและแหล่งอ้างอิง | G3: หน้าในเล่ม V1.3 (ฉบับล่าสุด) | H3: สถานะ | I3: สิ่งที่ต้องยืนยันหรือสิ่งที่ติด
A4: 1 | B4: User Flow | C4: หน้า 2 (V1.1) / ตารางบันทึกการแก้ไข (ต้นเล่ม) | D4: - มี 2 แถว (เวอร์ชัน 1.0 และ 1.1) | E4: - เพิ่มแถวเวอร์ชัน 1.2 (ปรับ User Flow บทที่ 2) | F4: ตรวจสอบย้อนกลับได้ | G4: 2 | H4: แก้ไขแล้ว | I4: ระบุชื่อผู้ดำเนินการแทน "ร่างโดย AI – รอระบุผู้ดำเนินการ"
A5: 2 | B5: User Flow | C5: หน้า 6 (V1.1) / บทที่ 2 ย่อหน้าแนะนำ | D5: - ไม่มีคำอธิบายสัญลักษณ์ในผัง | E5: - เพิ่มย่อหน้าอธิบายสัญลักษณ์ BPMN User Flow: วงกลม "เริ่ม", กล่องขั้นตอน RES, จุดตัดสินใจ DEC-, Link ข้ามภาพ, วงกลม "สิ้นสุด" และความหมายของ [รอยืนยัน Qn] | F5: swimlane-flow-template; ผลการตรวจ User Flow กิจกรรมที่ 7 (16 ต.ค. 2569) ข้อ 3 | G5: 7 | H5: แก้ไขแล้ว | I5: -
A6: 3 | B6: User Flow | C6: หน้า 6–9 (V1.1) / 2.1.1.1 ผังขั้นตอนระบบการจัดทำทะเบียนคุมรายงานไต่สวนเบื้องต้น | D6: - รูปภาพที่ 1–5 มี Lane "ระบบ E-CMIS" ปนงานของคน (เช่น RES005, RES006) - รหัสจุดตัดสินใจ D001–D004 ซ้ำรูปแบบกับ Data Store - วงกลมเชื่อมภาพ "ไป/จาก" ชื่อไม่ตรงกัน | E6: - แทนด้วยภาพ User Flow V1.0.3 ส่วน 1-1 ถึง 1-4 (4 ภาพ) - ไม่มี Lane ระบบ ย้ายขั้นตอนไป Lane ผู้ปฏิบัติจริง - รหัส DEC- และ Link Event จับคู่ตัวอักษร | F6: ผลการตรวจ User Flow กิจกรรมที่ 7 (16 ต.ค. 2569) ข้อ 1–3, Key Highlight 1–3; swimlane-flow-template (ห้าม Lane ระบบ, Link Event) | G6: 7–9 | H6: แก้ไขแล้ว (มีรายการรอยืนยัน) | I6: Q1, Q2, Q6
A7: 4 | B7: User Flow | C7: หน้า 10–13 (V1.1) / 2.1.1.2 ผังขั้นตอนระบบการจัดทำทะเบียนคุมรายงานไต่สวนวินิจฉัยชี้มูล | D7: - รูปภาพที่ 6–11 - RES107 ในภาพใช้ชื่อ "…ไต่สวนเบื้องต้น" (คัดลอกจาก RES007) - RES115 ในภาพชื่อซ้ำกับ RES114 | E7: - แทนด้วยภาพ 2-1 ถึง 2-4 (4 ภาพ) - RES107 "ให้ความเห็นและลงนามในรายงานการไต่สวนเพื่อวินิจฉัยชี้มูล" ตามตาราง 2.2.1.2 - RES115 ใช้ชื่อตามตาราง 2.2.1.2 | F7: ผลการตรวจ User Flow กิจกรรมที่ 7 (16 ต.ค. 2569) ข้อ 1–3; ตาราง 2.2.1.2 แถว 107, 115 | G7: 10–12 | H7: แก้ไขแล้ว (มีรายการรอยืนยัน) | I7: Q1, Q2, Q3, Q12
A8: 5 | B8: User Flow | C8: หน้า 14–15 (V1.1) / 2.1.1.3 ผังขั้นตอนระบบจัดเก็บข้อมูลสำนวนคดีอิเล็กทรอนิกส์ | D8: - รูปภาพที่ 12–14 (มติเรื่องทั่วไป RES201–RES211) | E8: - แทนด้วยภาพ 3-1, 3-2 (2 ภาพ) | F8: ผลการตรวจ User Flow กิจกรรมที่ 7 (16 ต.ค. 2569) ข้อ 1–3 | G8: 13 | H8: แก้ไขแล้ว (มีรายการรอยืนยัน) | I8: Q1, Q2, Q9
A9: 6 | B9: User Flow | C9: หน้า 14 (V1.1) / ชื่อหัวข้อและคำบรรยายภาพ 2.1.1.3 | D9: - ชื่อ "ผังขั้นตอนระบบจัดเก็บข้อมูลสำนวนคดีอิเล็กทรอนิกส์" แต่ภาพเป็นขั้นตอนมติเรื่องทั่วไป | E9: - เสนอเปลี่ยนเป็น "ผังขั้นตอนระบบการจัดทำมติเรื่องทั่วไป" (ยังไม่แก้) | F9: ตาราง 2.2.1.3 ใช้ชื่อ "การจัดทำมติเรื่องทั่วไป" | G9: 13 | H9: รอยืนยัน | I9: Q10
A10: 7 | B10: User Flow | C10: หน้า 16–17 (V1.1) / 2.1.2.1 ผังสนับสนุนการพิจารณาฯ ส่วนรายงานไต่สวนเบื้องต้น | D10: - รูปภาพที่ 15–17 - เส้น D006 "ใช่" กับ D007 "ไม่" ซ้อนทับกันเข้า RES028 - RES030 แตกกิ่งโดยไม่มีจุดตัดสินใจ | E10: - แทนด้วยภาพ 1-5 (1 ภาพ) - แยกเส้น DEC-006 / DEC-007 - เรียง RES030 → RES031 → RES032 ต่อเนื่อง | F10: ผลการตรวจ User Flow กิจกรรมที่ 7 (16 ต.ค. 2569) ข้อ 4.1–4.2 | G10: 14 | H10: แก้ไขแล้ว (มีรายการรอยืนยัน) | I10: Q2
A11: 8 | B11: User Flow | C11: หน้า 18–20 (V1.1) / 2.1.2.2 ผังสนับสนุนการพิจารณาฯ ส่วนรายงานไต่สวนวินิจฉัยชี้มูล | D11: - รูปภาพที่ 18–20 - D106 "สายอาญา?" ใช่ → สิ้นสุดทันที | E11: - แทนด้วยภาพ 2-5, 2-6 (2 ภาพ) - คงเส้นทางเดิม และทำเครื่องหมาย [รอยืนยัน Q5] เพราะไม่มีข้อมูลขั้นตอนก่อนจบ | F11: ผลการตรวจ User Flow กิจกรรมที่ 7 (16 ต.ค. 2569) ข้อ 4.3 | G11: 14–15 | H11: แก้ไขแล้ว (มีรายการรอยืนยัน) | I11: Q2, Q5
A12: 9 | B12: User Flow | C12: หน้า 21 (V1.1) / 2.1.2.3 ผังสนับสนุนการพิจารณาฯ ส่วนมติเรื่องทั่วไป | D12: - รูปภาพที่ 21–22 - RES215 ชี้ "ไป D206" ซึ่งไม่มีอยู่จริง | E12: - แทนด้วยภาพ 3-3 (1 ภาพ) - RES215 เชื่อมไป DEC-203 ตามภาพเดิม | F12: ผลการตรวจ User Flow กิจกรรมที่ 7 (16 ต.ค. 2569) ข้อ 1 | G12: 16 | H12: แก้ไขแล้ว (มีรายการรอยืนยัน) | I12: Q2, Q4
A13: 10 | B13: User Flow | C13: หน้า 22 (V1.1) / 2.1.3 ค้นหาและกรองข้อมูล, 2.1.4 แสดงผลข้อมูล | D13: - รูปภาพที่ 23–24 ใช้ Lane "ระบบ E-CMIS" (RES053–055) | E13: - ควรปรับเป็น Lane ผู้ใช้ตาม template (ยังไม่แก้) | F13: swimlane-flow-template | G13: 16 | H13: ยังไม่แก้ | I13: Q11: ไม่มีไฟล์ .drawio ต้นฉบับ และไม่ทราบกลุ่มผู้ใช้
A14: 11 | B14: User Flow | C14: หน้า 23–24 (V1.1) / 2.2.1.1 ตารางรายละเอียดขั้นตอน (ไต่สวนเบื้องต้น) | D14: - รหัส D001–D004 ผู้รับผิดชอบ "ระบบ E-CMIS" / "การตัดสินใจ" - ขั้นตอน "แสดงรายการ…" | E14: - เปลี่ยนเป็น DEC-001–DEC-004 ระบุผู้ตัดสินใจ - ย้ายขั้นตอน "แสดงรายการ/ส่ง…" ไปผู้ปฏิบัติ และเขียนเป็น "ตรวจสอบรายการ…" - แก้คำผิดแถว 018 | F14: ผลการตรวจ User Flow กิจกรรมที่ 7 (16 ต.ค. 2569) ข้อ 2, 3 และ Key Highlight 2 | G14: 18–19 | H14: แก้ไขแล้ว (มีรายการรอยืนยัน) | I14: แถว 010, 012, 017, 021 (Q2); DEC-001 (Q1); SLA 30 วัน (Q13)
A15: 12 | B15: User Flow | C15: หน้า 25–26 (V1.1) / 2.2.1.2 ตารางรายละเอียดขั้นตอน (ไต่สวนวินิจฉัยชี้มูล) | D15: - รหัส D101–D104 และ "ใช่ -> RES105" | E15: - เปลี่ยนเป็น DEC- ระบุผู้ตัดสินใจ ย้ายงานไปผู้ปฏิบัติ | F15: ผลการตรวจ User Flow กิจกรรมที่ 7 (16 ต.ค. 2569) ข้อ 2, 3 | G15: 20–21 | H15: แก้ไขแล้ว (มีรายการรอยืนยัน) | I15: ทิศทาง DEC-104 (Q3); แถว 110, 112, 116, 119, 123 (Q2); DEC-101 (Q1)
... A41: 38 | B41: Data Flow | C41: บทที่ 4–5 / Wireframe และ Prototype | D41: - ไม่อ้างอิงรหัส Process (n.0) หรือ Data Store (D<n>) ของ DFD (หัวข้อ "Process :" ในบทที่ 5 เป็นขั้นตอนประมวลผลของข้อกำหนดระบบ ไม่ใช่ Process ของ DFD) | E41: - ไม่ต้องแก้ | F41: ค้นข้อความหน้า 72–215 ของเล่ม V1.2 | G41: 80 เป็นต้นไป | H41: ไม่กระทบ | I41: -

Sheet ประเด็นรอยืนยัน
A1: รหัส | B1: ส่วนที่ปรับ | C1: ประเด็น | D1: รายละเอียด / คำถามที่ต้องถาม | E1: ผู้ที่ควรยืนยัน | F1: ผลกระทบ | G1: ตำแหน่งที่เกี่ยวข้องในเล่ม 4 | H1: สถานะ
A2: Q1 | B2: User Flow | C2: ใครเป็นผู้ส่งเรื่องและเลือกแนบใบด่วน (DEC-001/101/201) | D2: เสนอให้ Start และ "แนบใบด่วนมาแล้ว?" อยู่ใน Lane ผู้รับผิดชอบสำนวนคดี (กจ.5) สำหรับไต่สวนเบื้องต้น/ชี้มูล และ "ผู้เสนอเรื่อง" สำหรับมติเรื่องทั่วไป | E2: BA + เจ้าของกระบวนงาน (กองบริหารคดี / ผู้ใช้ กจ.5) | F2: Lane ใหม่ 1 Lane ต่อหน้า; ตาราง 2.2 แถว DEC-001/101/201 ยังระบุ "การตัดสินใจ" | G2: 2.1.1.1 ผังขั้นตอนระบบการจัดทำทะเบียนคุมรายงานไต่สวนเบื้องต้น; 2.1.1.2 ผังขั้นตอนระบบการจัดทำทะเบียนคุมรายงานไต่สวนวินิจฉัยชี้มูล; 2.1.1.3 ผังขั้นตอนระบบจัดเก็บข้อมูลสำนวนคดีอิเล็กทรอนิกส์; 2.2.1.1 ตารางรายละเอียดขั้นตอน (ไต่สวนเบื้องต้น); 2.2.1.2 ตารางรายละเอียดขั้นตอน (ไต่สวนวินิจฉัยชี้มูล); 2.2.1.3 ตารางรายละเอียดขั้นตอน (มติเรื่องทั่วไป); บทที่ 3 Entity เทียบกับ Lane ใหม่ของ User Flow; บทที่ 4 Wireframe (กลุ่มผู้ใช้) | H2: รอยืนยัน
A3: Q2 | B3: User Flow | C3: ขั้นตอนจัดทำเอกสาร 17 ขั้นตอน ใครเป็นผู้ปฏิบัติ หรือเป็นงานอัตโนมัติ | D3: RES010, 012, 017, 021, 024, 029, 031, 110, 112, 116, 119, 123, 126, 130, 133, 210, 213 — ร่างนี้วางไว้ใน Lane ผู้ใช้ที่ทำงานต่อด้วยเอกสารนั้น | E3: SA + เจ้าของกระบวนงานแต่ละกลุ่มงาน | F3: ถ้าเป็นงานอัตโนมัติ ต้องรวมเป็นส่วนหนึ่งของขั้นตอนผู้ใช้ก่อน/หลังแทน; ตาราง 2.2 แถวเหล่านี้ยังเป็น "ระบบ E-CMIS" | G3: 2.1.1.1 ผังขั้นตอนระบบการจัดทำทะเบียนคุมรายงานไต่สวนเบื้องต้น; 2.1.1.2 ผังขั้นตอนระบบการจัดทำทะเบียนคุมรายงานไต่สวนวินิจฉัยชี้มูล; 2.1.1.3 ผังขั้นตอนระบบจัดเก็บข้อมูลสำนวนคดีอิเล็กทรอนิกส์; 2.1.2.1 ผังสนับสนุนการพิจารณาฯ ส่วนรายงานไต่สวนเบื้องต้น; 2.1.2.2 ผังสนับสนุนการพิจารณาฯ ส่วนรายงานไต่สวนวินิจฉัยชี้มูล; 2.1.2.3 ผังสนับสนุนการพิจารณาฯ ส่วนมติเรื่องทั่วไป; 2.2.1.1 ตารางรายละเอียดขั้นตอน (ไต่สวนเบื้องต้น); 2.2.1.2 ตารางรายละเอียดขั้นตอน (ไต่สวนวินิจฉัยชี้มูล); 2.2.1.3 ตารางรายละเอียดขั้นตอน (มติเรื่องทั่วไป); 2.2.2.1 ตารางรายละเอียดขั้นตอน (สนับสนุนการพิจารณาฯ ไต่สวนเบื้องต้น); 2.2.2.2 ตารางรายละเอียดขั้นตอน (สนับสนุนการพิจารณาฯ ไต่สวนชี้มูล); 2.2.2.3 ตารางรายละเอียดขั้นตอน (สนับสนุนการพิจารณาฯ มติเรื่องทั่วไป); บทที่ 4 Wireframe (กลุ่มผู้ใช้) | H3: รอยืนยัน
A4: Q3 | B4: User Flow | C4: DEC-104 "ซับซ้อนยุ่งยาก?" ทางออกใช่/ไม่ สลับกันระหว่างภาพกับตาราง | D4: ภาพเดิม: ใช่ → RES115 (ส่งคณะอนุฯ กลั่นกรอง), ไม่ → RES118 (ลงนามมอบหมาย) | ตาราง 2.2.1.2: ใช่ → 118, ไม่ → 115 | E4: เจ้าของกระบวนงาน กองบริหารคดี / ประธานฯ + BA | F4: เส้นทางหลักของสำนวนชี้มูลอาจผิด; ร่างนี้คงตามภาพเดิม | G4: 2.1.1.2 ผังขั้นตอนระบบการจัดทำทะเบียนคุมรายงานไต่สวนวินิจฉัยชี้มูล; 2.2.1.2 ตารางรายละเอียดขั้นตอน (ไต่สวนวินิจฉัยชี้มูล) | H4: รอยืนยัน
A5: Q4 | B5: User Flow | C5: DEC-203 "มติอื่นๆ?" ทางออกใช่/ไม่ สลับกันระหว่างภาพกับตาราง | D5: ภาพเดิม: ใช่ → RES216, ไม่ → RES218 | ตาราง 2.2.2.3: ใช่ → 218, ไม่ → 216 (ตารางสอดคล้องกับรูปแบบ DEC-006) | E5: กลุ่มงานคำวินิจฉัยและมติคณะกรรมการ + BA | F5: การออกคำสั่งแต่งตั้งผู้ไต่สวนในมติเรื่องทั่วไปอาจผิดเส้นทาง | G5: 2.1.2.3 ผังสนับสนุนการพิจารณาฯ ส่วนมติเรื่องทั่วไป; 2.2.2.3 ตารางรายละเอียดขั้นตอน (สนับสนุนการพิจารณาฯ มติเรื่องทั่วไป) | H5: รอยืนยัน
A6: Q5 | B6: User Flow | C6: DEC-106 สายอาญา "ใช่" จบทันที — ต้องมีขั้นตอนบันทึก/ส่งต่อก่อนจบหรือไม่ | D6: ผู้ตรวจรับ (R2 ข้อ 4.3) ขอให้มี Action ก่อนจุดสิ้นสุด แต่ไม่มีข้อมูลว่าเป็นขั้นตอนใด | E6: กองบริหารคดี (กลุ่มงานกิจการคณะกรรมการ) + BA | F6: อาจต้องเพิ่มขั้นตอน + รหัส RES ใหม่ + หน้าจอ | G6: 2.1.2.2 ผังสนับสนุนการพิจารณาฯ ส่วนรายงานไต่สวนวินิจฉัยชี้มูล; 2.2.2.2 ตารางรายละเอียดขั้นตอน (สนับสนุนการพิจารณาฯ ไต่สวนชี้มูล); บทที่ 3 Entity เทียบกับ Lane ใหม่ของ User Flow | H6: รอยืนยัน
A7: Q6 | B7: User Flow | C7: แนวทาง Lane ระบบ / System Action / Status Flag | D7: R2 ข้อ 2, 5 และข้อสั่งการ 2, 4 ให้คง Lane ระบบเฉพาะงานอัตโนมัติและเพิ่มสถานะ แต่ R3 ห้ามมี Lane ระบบและห้ามแสดงขั้นตอนเบื้องหลัง (R4 ใช้แนวทางเดียวกับ R3) — ร่างนี้ยึด R3 | E7: PM + คณะกรรมการตรวจรับ | F7: หากผู้ตรวจรับยืนยันให้แสดงสถานะ เสนอให้ทำเป็นตารางสถานะ/State แยก หรืออ้างอิงใน DFD บทที่ 3 แทนการใส่ใน User Flow | G7: 2.1.1.1 ผังขั้นตอนระบบการจัดทำทะเบียนคุมรายงานไต่สวนเบื้องต้น | H7: รอยืนยัน
A8: Q7 | B8: User Flow | C8: สีแถบ Lane "คณะกรรมการ ป.ป.ท." | D8: template ยังมี 2 ค่า (#EDE6F6 / #DDE8FA) — ใช้ #DDE8FA ชั่วคราว | E8: ผู้ดูแล template / PM | F8: เปลี่ยนสีได้ทันทีหลังยืนยัน | G8: ผัง User Flow V1.0.3 | H8: รอยืนยัน
A9: Q8 | B9: User Flow | C9: RES006/RES106 ส่งสำนวนกลับ กจ.5 แล้วสิ้นสุด | D9: หลังแนบใบด่วนแล้ว ควรวนกลับเข้า DEC-001/101 หรือถือเป็นกระบวนการใหม่ | E9: BA + เจ้าของกระบวนงาน | F9: อาจต้องเพิ่มเส้นวนกลับ | G9: ผัง User Flow V1.0.3 | H9: รอยืนยัน
A10: Q9 | B10: User Flow | C10: RES204 "พิจารณาความซับซ้อนยุ่งยากของสำนวน" ในมติเรื่องทั่วไป ไม่มีจุดตัดสินใจตามมา | D10: ผังและตาราง 2.2.1.3 ไปต่อ RES206 ทันที | E10: BA + เจ้าของกระบวนงาน | F10: อาจต้องเพิ่ม Gateway หรือปรับชื่อขั้นตอน | G10: 2.1.1.3 ผังขั้นตอนระบบจัดเก็บข้อมูลสำนวนคดีอิเล็กทรอนิกส์; 2.2.1.3 ตารางรายละเอียดขั้นตอน (มติเรื่องทั่วไป) | H10: รอยืนยัน
A11: Q10 | B11: User Flow | C11: ชื่อหัวข้อ 2.1.1.3 ไม่ตรงกับเนื้อหา | D11: หัวข้อ "ผังขั้นตอนระบบจัดเก็บข้อมูลสำนวนคดีอิเล็กทรอนิกส์" แต่ภาพเป็นมติเรื่องทั่วไป (ตาราง 2.2.1.3 ใช้ชื่อ "การจัดทำมติเรื่องทั่วไป") | E11: BA / ผู้จัดทำเล่ม | F11: ยังไม่แก้ชื่อหัวข้อ/คำบรรยายภาพ | G11: ชื่อหัวข้อและคำบรรยายภาพ 2.1.1.3 | H11: รอยืนยัน
A12: Q11 | B12: User Flow | C12: ผัง 2.1.3 ค้นหาและกรองข้อมูล / 2.1.4 แสดงผลข้อมูล (RES053–RES055) | D12: ยังใช้ Lane ระบบ E-CMIS; ไม่มีไฟล์ drawio ในชุด V1.0.2; อยู่นอกขอบเขตคอมเมนต์ (RES001–RES218); รหัส RES053–055 ไม่ต่อเนื่องกับชุดอื่น | E12: BA + SA (ระบุกลุ่มผู้ใช้และไฟล์ต้นฉบับ) | F12: ยังไม่แก้ภาพ 2.1.3, 2.1.4 และตาราง 2.2.3, 2.2.4 | G12: 2.1.3 ค้นหาและกรองข้อมูล, 2.1.4 แสดงผลข้อมูล; 2.2.3, 2.2.4 ตารางรายละเอียดขั้นตอน (ค้นหา | H12: รอยืนยัน
... A27: DQ13 | B27: Data Flow | C27: รหัส Data Store 2 หลักกับรูปทรง dataStoreID | D27: ช่องรหัสของรูปทรง mxgraph.dfd.dataStoreID กว้างคงที่ 30 px ทำให้ D11, D15, D16 ขนาด 34 ไม่พอดีช่อง จึงใช้ขนาด 20 เฉพาะรหัส 2 หลัก (ชื่อ Data Store ยังเป็น 34) ยอมรับข้อยกเว้นนี้หรือไม่ | E27: PM / ผู้กำหนดกติกา DFD | F27: ขนาดตัวอักษรรหัส D11, D15, D16 | G27: L1, L2 | H27: รอยืนยัน
